variable,mean,sd
beta1,1.58257295370849,0.381314972510705
beta2,2.21117472863414,0.557839075585233
beta3,-1.11115008779048,0.0384554702941107
cutpoint,3.33193394085665,0.764957905920008
time,60,
mean_pb,0.0780536540983607,
