name,mean,sd,median,mad,q5,q10,q15,q20,q25,q30,q35,q40,q45,q50,q55,q60,q65,q70,q75,q80,q85,q90,q95,index
beta,0.8101369475,0.0877430832295632,0.8194425,0.0945594867000001,0.65638445,0.6912845,0.71154825,0.7309188,0.74756125,0.764905,0.77983145,0.7941202,0.80709275,0.8194425,0.83231685,0.8454188,0.85505425,0.8653963,0.876928,0.8880952,0.9024863,0.9185214,0.93841085,1
gamma,0.001077837158245,0.000543614068670853,0.001075525,0.0005606273988,0.00018214875,0.0003545863,0.000489839,0.0005857904,0.00068486975,0.0007632114,0.00083374405,0.000922465,0.0010047855,0.001075525,0.0011410905,0.001207744,0.001286833,0.001362256,0.001442245,0.001538214,0.0016527885,0.001817191,0.0020080695,1
gamma,0.000491930793545,0.000275782822268867,0.0004670355,0.0002984355192,7.958352e-05,0.0001380976,0.0001920609,0.0002358486,0.00027836725,0.0003179908,0.0003565242,0.0003937366,0.00042645305,0.0004670355,0.00050912085,0.0005496996,0.0005962991,0.0006402458,0.0006828275,0.00073415,0.0007948083,0.0008711389,0.00097239405,2
delta,0.9826927715,0.00961153006604011,0.984724,0.00869841420000002,0.96367135,0.9701199,0.97318785,0.975627,0.977777,0.9794605,0.9809796,0.9821308,0.9835573,0.984724,0.98572825,0.9863792,0.98749235,0.9886002,0.9898765,0.9909222,0.9921439,0.9931829,0.9944164,1
k,1.0014407655,0.0987593310773262,0.998942,0.0964846428,0.84670365,0.880381,0.9032867,0.919589,0.9331465,0.9469769,0.96068755,0.9735624,0.9844277,0.998942,1.0103065,1.02014,1.031633,1.047122,1.06366,1.079746,1.099617,1.130441,1.1661395,1
l,0.6746503965,0.0416344151510235,0.67413,0.0424045839,0.60633715,0.6216451,0.63106205,0.6391258,0.6458245,0.6522563,0.6577325,0.6630564,0.66857155,0.67413,0.67987985,0.6852024,0.6904369,0.6968112,0.703113,0.7095684,0.7183388,0.7284664,0.7452521,1
