name,mean,sd,median,mad,q5,q10,q15,q20,q25,q30,q35,q40,q45,q50,q55,q60,q65,q70,q75,q80,q85,q90,q95,p_index
alpha,0.03650348425,0.00418127960979825,0.0361021,0.00410702439,0.030468955,0.03156851,0.03231221,0.03297542,0.033509875,0.03400613,0.034598075,0.03505604,0.03556773,0.0361021,0.03659437,0.03709696,0.037716095,0.03831573,0.039122275,0.03982294,0.04082881,0.04217688,0.04379171,1
beta,0.841094394,0.0837907331189737,0.854098,0.0840515592,0.68592375,0.7240154,0.74858215,0.770564,0.7882705,0.8037965,0.816619,0.8304036,0.84277685,0.854098,0.86365395,0.8723046,0.88415015,0.8947146,0.90550125,0.9173654,0.93011735,0.9425495,0.9548035,1
gamma,0.001752018349295,0.000665708452654286,0.00176174,0.000720803055,0.00065450295,0.0008711215,0.001029334,0.001151938,0.00126306,0.001385892,0.001495918,0.00157946,0.0016735425,0.00176174,0.0018445895,0.0019367,0.0020250585,0.002129051,0.0022377125,0.002337144,0.0024577645,0.002606737,0.002811985,1
gamma,0.0017962066775,0.000534787604862595,0.001756515,0.000510303507,0.00097701235,0.001142812,0.0012579395,0.001357794,0.001432445,0.001507697,0.0015703765,0.001629252,0.0016849185,0.001756515,0.0018219455,0.00188897,0.001963251,0.002036302,0.002116715,0.002201606,0.002329846,0.002497842,0.002728481,2
delta,0.97532539,0.0141718676357791,0.9785305,0.0124397553,0.94726145,0.9555937,0.96094335,0.9646896,0.9682345,0.9704428,0.9727123,0.9749998,0.9769093,0.9785305,0.9802306,0.9816856,0.9829874,0.9844116,0.9857285,0.9870952,0.9887693,0.9904406,0.99234805,1
k,0.64180706855,0.37225585334357,0.565975,0.3112184964,0.2056158,0.2640298,0.30045645,0.335967,0.37141075,0.4075851,0.4403827,0.4820758,0.5213234,0.565975,0.60399865,0.643913,0.68277305,0.7443681,0.81408325,0.8969778,0.99787485,1.143979,1.3824395,1
l,0.498688203,0.0555687616228303,0.4990155,0.0550793313,0.40637125,0.4252048,0.44141315,0.451986,0.4618165,0.4705864,0.4780544,0.4846386,0.4923221,0.4990155,0.5064153,0.5139556,0.520649,0.52766,0.53606225,0.5460398,0.55675485,0.5681513,0.5890165,1
