name,mean,sd,median,mad,q5,q10,q15,q20,q25,q30,q35,q40,q45,q50,q55,q60,q65,q70,q75,q80,q85,q90,q95,index
beta,0.8454584675,0.079080157178458,0.858055,0.078666756,0.6955689,0.7319555,0.76212985,0.7830874,0.7981075,0.8102213,0.82466135,0.8361246,0.84762895,0.858055,0.868616,0.8771956,0.886916,0.8951633,0.904764,0.914942,0.9250495,0.93689,0.9542834,1
gamma,0.002148380393,0.000655041529512375,0.002171695,0.000662373788999999,0.001015418,0.001288193,0.0014432735,0.001606656,0.001715095,0.001814438,0.001917269,0.002008236,0.002084019,0.002171695,0.002263546,0.002334804,0.002420355,0.002528124,0.0026116675,0.002707782,0.0028197735,0.002985667,0.0031550205,1
gamma,0.002205349118,0.000672416760780932,0.00216113,0.000681061962,0.0011935895,0.001408383,0.0015162315,0.001626116,0.001716395,0.001811742,0.0019102315,0.00197991,0.0020760805,0.00216113,0.0022401505,0.002320818,0.0024123435,0.002513395,0.00263785,0.002755558,0.00289643,0.003098881,0.003403261,2
delta,0.977559064,0.0133144297170119,0.9801795,0.0112447797000001,0.95151435,0.9600409,0.96470045,0.9686022,0.97141875,0.9737239,0.97560455,0.9773186,0.978777,0.9801795,0.98163135,0.9828314,0.98449895,0.9857658,0.98703425,0.9885228,0.99004475,0.9915834,0.99345435,1
k,0.393438697095,0.347672855801217,0.311416,0.2659295142,0.033459415,0.06489609,0.09673798,0.1245446,0.15116425,0.1819066,0.2113126,0.2403348,0.27295455,0.311416,0.34748355,0.3811896,0.4216919,0.4701368,0.529172,0.5957234,0.6721538,0.811050200000001,1.040231,1
l,0.466979185,0.0559762540222455,0.467052,0.054974808,0.3729059,0.3965299,0.40992085,0.4223766,0.4306755,0.4386229,0.4453862,0.4537678,0.4607904,0.467052,0.47470185,0.4821126,0.4898184,0.4963704,0.50489875,0.512971,0.5229143,0.5358526,0.5571051,1
